{"is_source_file": false, "format": "", "description": "", "external_files": [], "external_methods": [], "published": [], "classes": [], "methods": [], "calls": [], "search-terms": [], "state": 2, "file_id": 5, "knowledge_revision": 16, "git_revision": "b8ffbe42943fb926f1ba7231cf68c9e82a36f67a", "hash": "6c2104b8d219ed99234ae2d6329f4357", "format-version": 4, "code-base-name": "notes_frontend", "filename": "notes_frontend/src/index.css", "revision_history": [{"16": "b8ffbe42943fb926f1ba7231cf68c9e82a36f67a"}]}