{"is_source_file": true, "format": "HTML", "description": "This is the main HTML template for a React-based web application, likely created with Create React App. It sets up the document structure, metadata, links to fonts and icons, and a root container for rendering the React app.", "external_files": ["%PUBLIC_URL%/favicon.ico", "%PUBLIC_URL%/logo192.png", "%PUBLIC_URL%/manifest.json"], "external_methods": [], "published": [], "classes": [], "methods": [], "calls": [], "search-terms": ["public/index.html", "HTML template", "React app container", "Create React App", "initial app setup"], "state": 2, "file_id": 11, "knowledge_revision": 21, "git_revision": "b8ffbe42943fb926f1ba7231cf68c9e82a36f67a", "hash": "d2b40d02d5f7873d8a6713bad837edd4", "format-version": 4, "code-base-name": "notes_frontend", "filename": "notes_frontend/public/index.html", "revision_history": [{"21": "b8ffbe42943fb926f1ba7231cf68c9e82a36f67a"}]}