{"is_source_file": true, "format": "JavaScript", "description": "This is the main entry point for a React application, responsible for rendering the root component into the DOM.", "external_files": ["./App", "./index.css"], "external_methods": ["ReactDOM.createRoot", "ReactDOM.createRoot().render"], "published": [], "classes": [], "methods": [], "calls": ["ReactDOM.createRoot", "root.render", "React.StrictMode", "App"], "search-terms": ["React", "ReactDOM", "index.js", "React.StrictMode", "root.render()", "createRoot"], "state": 2, "file_id": 6, "knowledge_revision": 23, "git_revision": "b8ffbe42943fb926f1ba7231cf68c9e82a36f67a", "ctags": [{"_type": "tag", "name": "root", "path": "/home/kavia/workspace/code-generation/simple-notes-app-203941-203957/notes_frontend/src/index.js", "pattern": "/^const root = ReactDOM.createRoot(document.getElementById('root'));$/", "language": "JavaScript", "kind": "constant"}], "hash": "9fc5841375336fc175b49f8767a11383", "format-version": 4, "code-base-name": "notes_frontend", "filename": "notes_frontend/src/index.js", "revision_history": [{"23": "b8ffbe42943fb926f1ba7231cf68c9e82a36f67a"}]}