{"is_source_file": true, "format": "JavaScript (React JSX)", "description": "This source file defines the main React component for a simple notes application's frontend. It manages theme toggling between light and dark modes, updates the document's data-theme attribute accordingly, and renders a UI with a toggle button, logo, and informational links.", "external_files": ["./logo.svg", "./App.css"], "external_methods": ["React.useState", "React.useEffect"], "published": ["App"], "classes": [], "methods": [{"name": "App()", "description": "Main React component for the app, handles theme state and rendering UI elements.", "scope": "", "scopeKind": ""}], "calls": ["React.useState", "React.useEffect", "document.documentElement.setAttribute"], "search-terms": ["React component", "theme toggle", "App.js", "useState", "useEffect", "dark mode", "light mode", "theme toggle button", "logo.svg", "CSS styling"], "state": 2, "file_id": 4, "knowledge_revision": 24, "git_revision": "b8ffbe42943fb926f1ba7231cf68c9e82a36f67a", "ctags": [{"_type": "tag", "name": "App", "path": "/home/kavia/workspace/code-generation/simple-notes-app-203941-203957/notes_frontend/src/App.js", "pattern": "/^function App() {$/", "language": "JavaScript", "kind": "function", "signature": "()"}, {"_type": "tag", "name": "Switch to ${theme === 'light' ? 'dark' : 'light'} mode", "path": "/home/kavia/workspace/code-generation/simple-notes-app-203941-203957/notes_frontend/src/App.js", "pattern": "/^          aria-label={`Switch to ${theme === 'light' ? 'dark' : 'light'} mode`}$/", "language": "JavaScript", "kind": "field", "scope": "App.aria", "scopeKind": "class"}, {"_type": "tag", "name": "toggleTheme", "path": "/home/kavia/workspace/code-generation/simple-notes-app-203941-203957/notes_frontend/src/App.js", "pattern": "/^          onClick={toggleTheme}$/", "language": "JavaScript", "kind": "field", "scope": "App.onClick", "scopeKind": "class"}], "hash": "b55dd9e6a018e59207d8e277dffd9e11", "format-version": 4, "code-base-name": "notes_frontend", "filename": "notes_frontend/src/App.js", "fields": [{"name": "aria-label={`Switch to ${theme === 'light' ? 'dark' : 'light'} mode`}", "scope": "App.aria", "scopeKind": "class", "description": "unavailable"}, {"name": "onClick={toggleTheme}", "scope": "App.onClick", "scopeKind": "class", "description": "unavailable"}], "revision_history": [{"24": "b8ffbe42943fb926f1ba7231cf68c9e82a36f67a"}]}