{"is_source_file": true, "format": "JavaScript/ECMAScript Module (.mjs)", "description": "Configuration file for ESLint, specifying linting rules and plugin configurations for a JavaScript project using React.", "external_files": ["@eslint/js", "eslint-plugin-react"], "external_methods": ["pluginJs", "pluginReact", "pluginJs.configs.recommended"], "published": [], "classes": [], "methods": [{"name": "default", "description": "ESLint configuration array specifying file matching patterns, parser options, globals, rules, and plugin configurations."}], "calls": ["pluginJs", "pluginReact", "pluginJs.configs.recommended"], "search-terms": ["eslint", "eslint.config.mjs", "js", "react", "eslint plugin", "eslint rules"], "state": 2, "file_id": 1, "knowledge_revision": 20, "git_revision": "b8ffbe42943fb926f1ba7231cf68c9e82a36f67a", "hash": "be6538e7523bc2e9da0743133d784136", "format-version": 4, "code-base-name": "notes_frontend", "filename": "notes_frontend/eslint.config.mjs", "revision_history": [{"20": "b8ffbe42943fb926f1ba7231cf68c9e82a36f67a"}]}